{"Looking at Screen": [0.8602666258811951, -0.2914094924926758, -0.5838955640792847, 0.1814170926809311], "Looking at Right": [0.8947867751121521, -0.3409900665283203, -0.5203722715377808, 0.04296189546585083], "Looking at Left": [0.9444584250450134, -0.6128770112991333, -0.7019429206848145, -0.07918836176395416], "Looking Down/Mobile Possible": [0.9665184617042542, -0.8807241320610046, -0.9771156311035156, -0.18310609459877014], "No Face/Using Mobile": [0.9882482886314392, -1.1486060619354248, -1.2527732849121094, -0.28737136721611023]}