{"Looking at Screen": [0.21357461810112, -0.2797548174858093, -0.08219942450523376, 0.12010607123374939], "Looking at Right": [0.20362769067287445, -0.21843816339969635, -0.004978492856025696, 0.028901517391204834], "Looking at Left": [0.2766264081001282, -0.19062893092632294, -0.001004338264465332, -0.04997272044420242], "Looking Down/Mobile Possible": [0.3840605914592743, -0.2066478729248047, 0.023122504353523254, -0.10605741292238235], "No Face/Using Mobile": [0.4840508997440338, -0.23755362629890442, 0.055945396423339844, -0.15709173679351807]}