{"Looking at Screen": [0.6486343741416931, 0.1182270348072052, -0.09466506540775299, 0.10931307077407837], "Looking at Right": [0.44053786993026733, -0.0351388156414032, -0.08565624058246613, 0.13207308948040009], "Looking at Left": [0.407819926738739, -0.05149170756340027, -0.08476781845092773, 0.18684178590774536], "Looking Down/Mobile Possible": [0.518661379814148, -0.004798710346221924, -0.09697456657886505, 0.19940167665481567], "No Face/Using Mobile": [0.6528687477111816, 0.04673375189304352, -0.10830356180667877, 0.20384469628334045]}